{"cameraMode":{"drawMode":0,"name":"Shaded","section":"Shading Mode"},"sceneLighting":true,"audioPlay":false,"sceneViewState":{"m_AlwaysRefresh":false,"showFog":true,"showSkybox":true,"showFlares":true,"showImageEffects":true,"showParticleSystems":true,"showVisualEffectGraphs":true,"m_FxEnabled":true},"in2DMode":false,"pivot":{"x":-0.2785435914993286,"y":0.4388028383255005,"z":-8.30650520324707},"rotation":{"x":-0.016282277181744577,"y":0.9828007817268372,"z":-0.10686521232128144,"w":-0.14974138140678407},"size":10.032500267028809,"orthographic":false}